{"cameraMode":{"drawMode":0,"name":"Shaded","section":"Shading Mode"},"sceneLighting":false,"audioPlay":false,"sceneViewState":{"m_AlwaysRefresh":false,"showFog":true,"showSkybox":false,"showFlares":true,"showImageEffects":true,"showParticleSystems":true,"showVisualEffectGraphs":true,"m_FxEnabled":true},"in2DMode":false,"pivot":{"x":19.374168395996095,"y":2.9750475883483888,"z":1.0103378295898438},"rotation":{"x":0.15909144282341004,"y":-0.7281813621520996,"z":0.18051552772521974,"w":0.641761064529419},"size":6.571247577667236,"orthographic":true}